<!DOCTYPE ui:UiBinder SYSTEM "http://dl.google.com/gwt/DTD/xhtml.ent">
<ui:UiBinder xmlns:ui="urn:ui:com.google.gwt.uibinder"
	xmlns:g="urn:import:com.google.gwt.user.client.ui"  xmlns:b="urn:import:org.gwtbootstrap3.client.ui" 
	xmlns:bc="urn:import:org.gwtbootstrap3.client.ui.gwt" xmlns:b2="urn:import:org.gwtbootstrap3.extras.datetimepicker.client.ui">
	<ui:style>
	
	</ui:style>
	<g:HTMLPanel ui:field="cholesterolPanel">
	    <!--g:VerticalPanel>
	        <g:HorizontalPanel>
	            <g:Label>Units</g:Label>
	            <b:ListBox ui:field="cholesterolUnitList"></b:ListBox>
	        </g:HorizontalPanel-->
	        <div><br/></div>
	        <g:HorizontalPanel>
	            <g:VerticalPanel addStyleNames="rightPadding">
	            	<g:Label>HDL</g:Label>
	            	<b:DoubleBox></b:DoubleBox>
	            </g:VerticalPanel>
	            <g:VerticalPanel addStyleNames="rightPadding">
	            	<g:Label>LDL</g:Label>
	            	<b:DoubleBox></b:DoubleBox>
	            </g:VerticalPanel>
	            <g:VerticalPanel addStyleNames="rightPadding">
	            	<g:Label>TriGlycaride</g:Label>
	            	<b:DoubleBox></b:DoubleBox>
	            </g:VerticalPanel>
	            <g:VerticalPanel addStyleNames="rightPadding">
	            	<g:Label>Unit</g:Label>
	            	<b:ListBox ui:field="cholesterolUnitList"></b:ListBox>
	            </g:VerticalPanel>
	        </g:HorizontalPanel>
	        <div><br/></div>
	        <g:VerticalPanel>
	            <g:Label>Date</g:Label>
	        	<b2:DateTimePicker autoClose="true"  minView="MONTH" format="mm/dd/yyyy"/>
          	</g:VerticalPanel>
	        <div><br/></div>
	        <b:Button>Add</b:Button>
	        <div><br/><br/></div>
			<!--bc:DataGrid ui:field="cholesterolTableData" bordered="true" condensed="true" striped="true" hover="true"/-->
	    <!--/g:VerticalPanel-->
	</g:HTMLPanel>
</ui:UiBinder> 