<!DOCTYPE ui:UiBinder SYSTEM "http://dl.google.com/gwt/DTD/xhtml.ent">
<ui:UiBinder xmlns:ui="urn:ui:com.google.gwt.uibinder"
	xmlns:g="urn:import:com.google.gwt.user.client.ui" xmlns:b="urn:import:org.gwtbootstrap3.client.ui" xmlns:h="urn:import:org.gwtbootstrap3.client.ui.html">
	<ui:style>
		.important {
		font-weight: bold;
		}
	</ui:style>
	<g:HTMLPanel addStyleNames="col-lg-9">
		<b:Panel>
			<b:PanelHeader>
				<b:Heading size="H3" ui:field="playerHeader"/>
			</b:PanelHeader>
			<b:PanelBody>
				<!--b:Form type="HORIZONTAL" ui:field="formLogin">
					<b:FieldSet>
						<b:FormGroup>
						    <g:HorizontalPanel >
								<g:HTMLPanel ui:field="playerButtonPanel"></g:HTMLPanel>
								<g:VerticalPanel>
									<g:HTMLPanel ui:field="genericInstructionPanel"></g:HTMLPanel>
									<h:Br/>					        
									<g:HTMLPanel ui:field="specificInstructionPanel"></g:HTMLPanel>
									<h:Br/>					        
								    <g:HTMLPanel ui:field="playerTextPanel" addStyleNames="panel_border"></g:HTMLPanel>
								    <h:Br/>
								    <g:HTMLPanel ui:field="playerAnimationPanel"></g:HTMLPanel>								    
								</g:VerticalPanel>
							</g:HorizontalPanel>
						</b:FormGroup>
						<h:Br/>
						<h:Br/>
						<h:Br/>
							<g:HorizontalPanel>
								<b:Button ui:field="buttonStartOver" color="blue">Start Over	</b:Button>
								<b:Button ui:field="buttonUpload" color="blue">Upload</b:Button>
							</g:HorizontalPanel>
					</b:FieldSet>
				</b:Form-->
				
				<b:Row addStyleNames="panel_border">
				    <b:Column size="MD_2">
				        <h:Br/><h:Br/><h:Br/><h:Br/><h:Br/><h:Br/>
						<g:HTMLPanel ui:field="playerButtonPanel"></g:HTMLPanel>
				        <g:Label ui:field="playerButtonText" horizontalAlignment="ALIGN_CENTER">Click to start</g:Label>
						<h:Br/><h:Br/>
				    </b:Column>
				    <b:Column size="MD_10">
				        <b:Row>
				            <b:Column size="MD_10">
				            <g:HTMLPanel ui:field="playerInstructionPanel">
				                <g:Label addStyleNames="h1">Instruction:</g:Label>
				            </g:HTMLPanel>
				                				                
				            </b:Column>
				            <b:Column size="MD_2">
				                <h:Br/><h:Br/>
				                <b:ImageAnchor url="images/sample1.png" ui:field="playSampleButton"></b:ImageAnchor>
				                <g:Label>Click for sample</g:Label>
				                				                				                
				            </b:Column>
				            				            
				            <h:Br/>
				        </b:Row>
				        <b:Row>
				            <h:Br/>
				            <g:HTMLPanel ui:field="testInstructionPanel">
				            </g:HTMLPanel>
				            <h:Br/>
				        </b:Row>
				        <b:Row>
				            <g:HTMLPanel ui:field="playerTextPanel" addStyleNames="panel_border">
				                <!--h:Br/-->
				            </g:HTMLPanel>
				            <h:Br/>
				        </b:Row>
				        <b:Row>
				            <g:HTMLPanel ui:field="playerAnimationPanel"></g:HTMLPanel>
				            <h:Br/>
				        </b:Row>				        				        
				        				        
				    </b:Column>
				</b:Row>
				<h:Br/>
				<b:Row addStyleNames="col-lg-offset-4">
				    	<b:Button ui:field="buttonStartOver">Retake The Test</b:Button>    
						<b:Button ui:field="buttonUpload" addStyleNames="col-lg-offset-1">Upload</b:Button>
				</b:Row>
				
			</b:PanelBody>
		</b:Panel>
	</g:HTMLPanel>
</ui:UiBinder> 