<ui:UiBinder xmlns:ui='urn:ui:com.google.gwt.uibinder'
   xmlns:gwt='urn:import:com.google.gwt.user.client.ui' 
   xmlns:b='urn:import:org.gwtbootstrap3.client.ui'
   xmlns:b2='urn:import:org.gwtbootstrap3.extras.datetimepicker.client.ui' >
   <gwt:HTMLPanel>
      <div align="left">
          	<gwt:VerticalPanel addStyleNames="background">
            <gwt:Label text="Name of Medication:" addStyleNames="medText"/>
            <gwt:Label text="Ex: Coumadin" addStyleNames="lightText"/>
            <gwt:TextBox ui:field="nameBox" addStyleNames="box"/>
            <b:Container fluid = "true">
                <b:Row>
                    <b:Column size= "MD_12">
                     <gwt:Label text="Strength:" addStyleNames="columnText"/>
                     <gwt:Label text="Ex: 500 mg" addStyleNames="liteColText"/>    
                    </b:Column>
                    <b:Row>
                        <b:Column size= "MD_4">
                            <gwt:TextBox ui:field="strengthBox" addStyleNames="box"/>  
                        </b:Column>
                        <b:Column size= "MD_4" offset="SM_1">
                             <gwt:ListBox addStyleNames="listBox">
                                 	 <gwt:item value='0'>Select...</gwt:item>
    								<gwt:item value='1'>Colony forming units per milliliter (cfu/ml)</gwt:item>
    								<gwt:item value='2'>International Unit (iu)</gwt:item>
    								<gwt:item value='4'>Micrograms (mcg)</gwt:item>
    								<gwt:item value='5'>Milliequivalent (meq)</gwt:item>
    							    <gwt:item value='6'>Milliequivalent per milliliter (meq/ml)</gwt:item>
    								<gwt:item value='7'>Milligram (mg)</gwt:item>
    								<gwt:item value='8'>Milligram per milliliter (mg/ml)</gwt:item>
    								<gwt:item value='9'>Milliliter (ml)</gwt:item>
    								<gwt:item value='10'>Percent (%)</gwt:item>
    								<gwt:item value='11'>Unit (unt)</gwt:item>
    								<gwt:item value='12'>Units per Milliliter (unt/ml)</gwt:item>
    			   			</gwt:ListBox>
                        </b:Column>
                    </b:Row>
                </b:Row>
            </b:Container>
            <b:Container fluid = "true">
                <b:Row>
                    <b:Column size= "MD_12">
                     <gwt:Label text="Dosage:" addStyleNames="columnText"/> 
                     <gwt:Label text="Ex: 2 Tablets" addStyleNames="liteColText"/>   
                    </b:Column>
                    <b:Row>
                        <b:Column size= "MD_4">
                            <gwt:TextBox ui:field="dosBox" addStyleNames="box"/>  
                        </b:Column>
                        <b:Column size= "MD_4" offset="SM_1">
                             <gwt:ListBox addStyleNames="listBox">
                                 	 <gwt:item value='0'>Select...</gwt:item>
    								<gwt:item value='1'>Applicatorfuls</gwt:item>
    								<gwt:item value='2'>Bags</gwt:item>
    								<gwt:item value='4'>Bars</gwt:item>
    								<gwt:item value='5'>Capsules</gwt:item>
    							    <gwt:item value='6'>Doses</gwt:item>
    								<gwt:item value='7'>Dropperfuls</gwt:item>
    								<gwt:item value='8'>Drops</gwt:item>
    								<gwt:item value='9'>Grams (g)</gwt:item>
       								<gwt:item value='10'>Inhalations</gwt:item>
    								<gwt:item value='11'>Lozenges</gwt:item>
    								<gwt:item value='12'>Micrograms (mcg)</gwt:item>
    								<gwt:item value='13'>Milligrams (mg)</gwt:item>
    								<gwt:item value='14'>Milliliters (mL)</gwt:item>
    								<gwt:item value='15'>Packets</gwt:item>
    								<gwt:item value='16'>Pads</gwt:item>
    								<gwt:item value='17'>Percent (%)</gwt:item>
    								<gwt:item value='18'>Patches</gwt:item>
    								<gwt:item value='19'>Puffs</gwt:item>
    								<gwt:item value='20'>Scoops</gwt:item>
    								<gwt:item value='21'>Sprays</gwt:item>
    								<gwt:item value='22'>Shots</gwt:item>
    								<gwt:item value='23'>Suppositories</gwt:item>
    								<gwt:item value='24'>Syringes</gwt:item>
    								<gwt:item value='25'>Tablespoons</gwt:item>
    								<gwt:item value='26'>Tablets</gwt:item>
    								<gwt:item value='27'>Teaspoons</gwt:item>
    								<gwt:item value='28'>Units (unt)</gwt:item>	
    			   			</gwt:ListBox>
                        </b:Column>
                    </b:Row>
                </b:Row>
            </b:Container>  
            <gwt:Label ui:field="completionLabel2" addStyleNames="lightText" />
            <gwt:Label text="How the medicine is taken:" addStyleNames="blackText"/>
            <gwt:ListBox addStyleNames="marginAdjust">
                <gwt:item value='0'>Select...</gwt:item>
                <gwt:item value='1'>By injection</gwt:item>
                <gwt:item value='2'>By mouth</gwt:item>
                <gwt:item value='3'>In the ear</gwt:item>
                <gwt:item value='4'>In the nose</gwt:item>
                <gwt:item value='5'>In the eye</gwt:item>
                <gwt:item value='6'>Inhaled</gwt:item>
                <gwt:item value='7'>Rectal</gwt:item>
                <gwt:item value='8'>Through a feeding tube</gwt:item>
                <gwt:item value='9'>Through an intravenous line (IV)</gwt:item>
                <gwt:item value='10'>Through the skin</gwt:item>
                <gwt:item value='11'>Under the tongue</gwt:item>
                <gwt:item value='12'>Vaginal</gwt:item>
            </gwt:ListBox>    
            <gwt:Label text="How often is the medicine taken?" addStyleNames="blackText"/>
            <gwt:TextBox ui:field="freqBox" addStyleNames="box"/>
            <gwt:Label text="Reasons for taking the medicine:" addStyleNames="blackText"/>
            <gwt:TextArea ui:field="TextArea" width="250px" height="79px" addStyleNames="marginAdjust"/>
            <b:Container fluid="true">
                <b:Row>
                    <b:Column size="MD_4">
                        <gwt:Label text="Starting Date:" addStyleNames="columnText"/>
                    </b:Column>
                    <b:Column size="MD_4">
                     	<gwt:Label text="Ending Date:"  addStyleNames="columnText"/>
                    </b:Column>
                </b:Row>
             </b:Container>
             <b:Container fluid="true">
                 <b:Row>
                    <b:Column size="MD_4">
                       <b2:DateTimePicker ui:field="startDatePicker" minView="MONTH" format="mm/dd/yyyy" width="100px"/>  
                    </b:Column>
                    <b:Column size="MD_4">
                       <b2:DateTimePicker minView="MONTH" format="mm/dd/yyyy" width="100px"/>
                    </b:Column>
                   </b:Row>
            </b:Container>   
            <gwt:Label text="Prescribed?" addStyleNames="blackText"/>
            <gwt:ListBox addStyleNames="marginAdjust">
                <gwt:item value='0'>Select...</gwt:item>
                <gwt:item value='1'>Over the Counter (OTC)</gwt:item>
                <gwt:item value='2'>Prescribed</gwt:item>
                <gwt:item value='3'>Prescribed OTC</gwt:item>
             </gwt:ListBox>   
            <gwt:Label text="Prescribed by?" addStyleNames="blackText"/>
            <gwt:TextBox ui:field="prescribedBox" addStyleNames="box"/>
            <gwt:Label text="Date Perscribed:" addStyleNames="blackText"/>
            <b2:DateTimePicker minView="MONTH" format="mm/dd/yyyy" width="100px" addStyleNames="marginAdjust"/> 
            <gwt:Label text="Instructions:" addStyleNames="blackText"/>
            <gwt:TextArea ui:field="InstructArea" width="250px" height="79px" addStyleNames="marginAdjust"/>
            <gwt:Label text="Perscription Quantity:" addStyleNames="blackText"/>
            <gwt:TextBox ui:field="quantBox" addStyleNames="box"/>
            <gwt:Label text="Notes:" addStyleNames="blackText"/>
            <gwt:TextArea ui:field="refillArea" width="250px" height="79px" addStyleNames="marginAdjust"/>
            <gwt:HorizontalPanel verticalAlignment="middle">
               <b:Button type="DEFAULT" ui:field="buttonSubmit" text="Submit" addStyleNames="marginAdjust2"/>
            </gwt:HorizontalPanel>
         </gwt:VerticalPanel>
      </div>
   </gwt:HTMLPanel>
</ui:UiBinder> 
