<!DOCTYPE ui:UiBinder SYSTEM "http://dl.google.com/gwt/DTD/xhtml.ent">
<ui:UiBinder xmlns:ui="urn:ui:com.google.gwt.uibinder"
	xmlns:g="urn:import:com.google.gwt.user.client.ui" xmlns:b="urn:import:org.gwtbootstrap3.client.ui"
	xmlns:h="urn:import:org.gwtbootstrap3.client.ui.html">

	<ui:style>

	</ui:style>
	<g:HTMLPanel ui:field="profilePagePanel">
		<br />
		<br />
		<br />
		<b:Panel addStyleNames="col-lg-10">
			<b:PanelHeader>
				<b:Heading size="H3" text="Update Profile" />
			</b:PanelHeader>
			<b:PanelBody>
				<b:Form type="HORIZONTAL" addStyleNames="col-lg-9" ui:field="formLogin">
					<b:FieldSet>
						<!--b:Legend>Update Profile</b:Legend -->
						<g:Label ui:field="labelLoginError" styleName="labelError"></g:Label>
						<b:FormGroup>
							<b:FormLabel for="formName" addStyleNames="col-lg-4">First Name</b:FormLabel>
							<g:FlowPanel addStyleNames="col-lg-8">
								<b:TextBox b:id="formName" ui:field="textProfileFirstName"
									maxLength="30" />
								<g:Label ui:field="labelFirstNameError" styleName="labelError"></g:Label>
							</g:FlowPanel>
						</b:FormGroup>
						<b:FormGroup>
							<b:FormLabel addStyleNames="col-lg-4">Last Name</b:FormLabel>
							<g:FlowPanel addStyleNames="col-lg-8">
								<b:TextBox maxLength="30" ui:field="textProfileLastName" />
								<g:Label ui:field="labelLastNameError" styleName="labelError"></g:Label>
							</g:FlowPanel>
						</b:FormGroup>
						<b:Form>
							<b:FormLabel addStyleNames="col-lg-4 dialogVPanel">BirthDay</b:FormLabel>
						</b:Form>

						<b:FormGroup>
							<g:HorizontalPanel>
								<b:ListBox ui:field="listProfileBirthMonth"></b:ListBox>
								<b:IntegerBox placeholder="Day" ui:field="textProfileBirthDay"></b:IntegerBox>
								<b:IntegerBox placeholder="Year" ui:field="textProfileBirthYear"></b:IntegerBox>
							</g:HorizontalPanel>
							<g:Label ui:field="labelDOBError" styleName="labelError col-lg-offset-4"></g:Label>
						</b:FormGroup>
						<b:FormGroup>
							<b:FormLabel for="forPhone" addStyleNames="col-lg-4">Phone</b:FormLabel>
							<g:FlowPanel addStyleNames="col-lg-8">
								<b:IntegerBox b:id="formPhone" ui:field="textProfilePhone"
									maxLength="20"></b:IntegerBox>
								<g:Label ui:field="labelPhoneError" styleName="labelError"></g:Label>
							</g:FlowPanel>
						</b:FormGroup>
						<b:FormGroup>
							<b:FormLabel for="formName" addStyleNames="col-lg-4">Address</b:FormLabel>
							<g:FlowPanel addStyleNames="col-lg-8">
								<b:TextArea ui:field="textProfileAddress" maxLength="200" />
							</g:FlowPanel>
						</b:FormGroup>
						<h:Br/>
						<b:FormGroup>
							<b:FormLabel addStyleNames="col-lg-4">Gender</b:FormLabel>
							<g:FlowPanel addStyleNames="col-lg-8">
								<g:RadioButton name="gender" addStyleNames="rightPadding">Male</g:RadioButton>
								<g:RadioButton name="gender">Female</g:RadioButton>
							</g:FlowPanel>
						</b:FormGroup>
						<b:FormGroup>
							<b:FormLabel for="forage" addStyleNames="col-lg-4">Age</b:FormLabel>
							<g:FlowPanel addStyleNames="col-lg-8">
								<b:IntegerBox b:id="forage" ui:field="textProfileAge"
									maxLength="4"></b:IntegerBox>
								<g:Label ui:field="labelAgeError" styleName="labelError"></g:Label>
							</g:FlowPanel>
						</b:FormGroup>
						<b:FormGroup>
							<b:FormLabel for="forheight" addStyleNames="col-lg-4">Height</b:FormLabel>
							<g:FlowPanel addStyleNames="col-lg-8">
								<g:HorizontalPanel>
									<b:IntegerBox placeholder="Feet" ui:field="textProfileFeet"
										maxLength="4"></b:IntegerBox>
									<g:Label addStyleNames="dialogVPanel10">ft</g:Label>
									<b:IntegerBox placeholder="Inches" ui:field="textProfileInches"
										maxLength="4"></b:IntegerBox>
									<g:Label addStyleNames="dialogVPanel10">in</g:Label>
								</g:HorizontalPanel>
								<g:Label ui:field="labelHeightError" styleName="labelError"></g:Label>
							</g:FlowPanel>
						</b:FormGroup>
						<b:FormGroup>
							<b:FormLabel for="forweight" addStyleNames="col-lg-4">Weight</b:FormLabel>
							<g:FlowPanel addStyleNames="col-lg-8">
								<b:IntegerBox placeholder="Lbs" ui:field="textProfileWeight"
									maxLength="4"></b:IntegerBox>
								<g:Label ui:field="labelWeightError" styleName="labelError"></g:Label>
							</g:FlowPanel>
						</b:FormGroup>

						<h:Br />
						<h:Br />
						<b:PanelHeader>
							<b:Heading size="H1" text="Additional Information"/>
						</b:PanelHeader>
						<h:Br/>
						
						<!--b:FormGroup> <b:FormLabel addStyleNames="col-lg-4">Number of Concussions:</b:FormLabel> 
							<g:FlowPanel addStyleNames="col-lg-8"> <b:IntegerBox ui:field="textProfileConcussions"></b:IntegerBox> 
							</g:FlowPanel> </b:FormGroup -->

						<b:Row addStyleNames="bottom_padding">
							<b:Column size="MD_7">
								<g:Label>Number of Concussions:</g:Label>
							</b:Column>
							<b:Column size="MD_5">
								<b:IntegerBox ui:field="textProfileConcussions"></b:IntegerBox>
								<g:Label ui:field="labelConcussionsError" styleName="labelError"></g:Label>
							</b:Column>
						</b:Row>

						<!--b:FormGroup> <g:HorizontalPanel> <b:FormLabel>Number of times diagnosed 
							by a physician: </b:FormLabel> <b:IntegerBox ui:field="textProfileDiagnosed"></b:IntegerBox> 
							</g:HorizontalPanel> </b:FormGroup -->

						<b:Row addStyleNames="bottom_padding">
							<b:Column size="MD_7">
								<g:Label>Number of times diagnosed by a physician:  </g:Label>
							</b:Column>
							<b:Column size="MD_5">
								<b:IntegerBox ui:field="textProfileDiagnosed"></b:IntegerBox>
								<g:Label ui:field="labelDiagnosedError" styleName="labelError"></g:Label>
							</b:Column>
						</b:Row>

						<!--b:FormGroup> <g:FlowPanel addStyleNames="col-lg-8"> <b:FormLabel 
							for="formName" addStyleNames="col-lg-8">Taking Medication?</b:FormLabel> 
							<g:RadioButton name="medication" text="Yes" addStyleNames="rightPadding"></g:RadioButton> 
							<g:RadioButton name="medication" text="No"></g:RadioButton> </g:FlowPanel> 
							</b:FormGroup -->

						<b:Row addStyleNames="bottom_padding">
							<b:Column size="MD_7">
								<g:Label>Taking Medication?</g:Label>
							</b:Column>
							<b:Column size="MD_5">
								<g:RadioButton name="medication" text="Yes"
									addStyleNames="rightPadding"></g:RadioButton>
								<g:RadioButton name="medication" text="No"></g:RadioButton>
							</b:Column>
						</b:Row>

						<!--b:FormGroup> <b:FormLabel addStyleNames="col-lg-8"> Diagnosed with 
							a neurological disorder (e.g. ADD/ADHD, OCD, seizures, migraines, headaches, 
							etc.)?</b:FormLabel> <g:RadioButton name="neurological" text="Yes" addStyleNames="rightPadding"></g:RadioButton> 
							<g:RadioButton name="neurological" text="No"></g:RadioButton> </b:FormGroup -->

						<b:Row addStyleNames="bottom_padding">
							<b:Column size="MD_7">
								<g:Label>Diagnosed with a neurological
									disorder
									(e.g. ADD/ADHD, OCD, seizures, migraines, headaches, etc.)?</g:Label>
							</b:Column>
							<b:Column size="MD_5">
								<g:RadioButton name="neurological" text="Yes"
									addStyleNames="rightPadding"></g:RadioButton>
								<g:RadioButton name="neurological" text="No"></g:RadioButton>
							</b:Column>
						</b:Row>

						<!--b:FormGroup> <b:FormLabel addStyleNames="col-lg-8"> Diagnosed with 
							a learning disability(e.g. Dyslexia,cognitive, etc.)?</b:FormLabel> <g:HorizontalPanel 
							addStyleNames="col-lg-8"></g:HorizontalPanel> <g:RadioButton name="medication" 
							text="Yes" addStyleNames="rightPadding"></g:RadioButton> <g:RadioButton name="medication" 
							text="No"></g:RadioButton> </b:FormGroup -->

						<b:Row addStyleNames="bottom_padding">
							<b:Column size="MD_7">
								<g:Label>Diagnosed with a neurological
									disorder
									(e.g. ADD/ADHD, OCD, seizures, migraines, headaches, etc.)?</g:Label>
							</b:Column>
							<b:Column size="MD_5">
								<g:RadioButton name="medication" text="Yes"
									addStyleNames="rightPadding"></g:RadioButton>
								<g:RadioButton name="medication" text="No"></g:RadioButton>
							</b:Column>
						</b:Row>

						<!--b:FormGroup> <b:FormLabel>Been diagnosed with a speech/language 
							disorder? </b:FormLabel> <g:FlowPanel addStyleNames="col-lg-8"></g:FlowPanel> 
							<g:RadioButton ui:field='buttonProfileSpeechYes' name="medication" text="Yes" 
							addStyleNames="rightPadding"></g:RadioButton> <g:RadioButton ui:field='buttonProfileSpeechNo' 
							name="medication" text="No"></g:RadioButton> </b:FormGroup -->

						<b:Row addStyleNames="bottom_padding">
							<b:Column size="MD_7">
								<g:Label>Been diagnosed with a speech/language disorder?</g:Label>
							</b:Column>
							<b:Column size="MD_5">
								<g:RadioButton ui:field='buttonProfileSpeechYes'
									name="medication" text="Yes" addStyleNames="rightPadding"></g:RadioButton>
								<g:RadioButton ui:field='buttonProfileSpeechNo'
									name="medication" text="No"></g:RadioButton>
							</b:Column>
						</b:Row>

						<!--b:FormGroup> <b:FormLabel>Currently receiving orthodonic treatment? 
							</b:FormLabel> <g:FlowPanel addStyleNames="col-lg-8"></g:FlowPanel> <g:RadioButton 
							ui:field='buttonProfileOrthodonicYes' name="medication" text="Yes" addStyleNames="rightPadding"></g:RadioButton> 
							<g:RadioButton ui:field='buttonProfileOrthodonicNo' name="medication" text="No"></g:RadioButton> 
							</b:FormGroup -->

						<b:Row addStyleNames="bottom_padding">
							<b:Column size="MD_7">
								<g:Label>Currently receiving orthodonic treatment?</g:Label>
							</b:Column>
							<b:Column size="MD_5">
								<g:RadioButton ui:field='buttonProfileOrthodonicYes'
									name="medication" text="Yes" addStyleNames="rightPadding"></g:RadioButton>
								<g:RadioButton ui:field='buttonProfileOrthodonicNo'
									name="medication" text="No"></g:RadioButton>
							</b:Column>
						</b:Row>

						<!--b:FormGroup> <b:FormLabel addStyleNames="col-lg-8">Is English your 
							first language? </b:FormLabel> <g:FlowPanel addStyleNames="col-lg-8"></g:FlowPanel> 
							<g:RadioButton ui:field='buttonProfileLanguageYes' name="medication" text="Yes" 
							addStyleNames="rightPadding"></g:RadioButton> <g:RadioButton ui:field='buttonProfileLanguageNo' 
							name="medication" text="No"></g:RadioButton> </b:FormGroup -->

						<b:Row addStyleNames="bottom_padding">
							<b:Column size="MD_7">
								<g:Label>Is English your first language?</g:Label>
							</b:Column>
							<b:Column size="MD_5">
								<g:RadioButton ui:field='buttonProfileLanguageYes'
									name="medication" text="Yes" addStyleNames="rightPadding"></g:RadioButton>
								<g:RadioButton ui:field='buttonProfileLanguageNo'
									name="medication" text="No"></g:RadioButton>
							</b:Column>
						</b:Row>

						<!--b:FormGroup> <b:FormLabel>What State did you live in most for the 
							first 10 years of your life? </b:FormLabel> <b:ListBox ui:field="listProfileStates"></b:ListBox> 
							</b:FormGroup -->

						<b:Row addStyleNames="bottom_padding">
							<b:Column size="MD_7">
								<g:Label>What State did you live in most for the first 10
									years of your life?</g:Label>
							</b:Column>
							<b:Column size="MD_5">
								<b:ListBox ui:field="listProfileStates"></b:ListBox>
							</b:Column>
						</b:Row>

						<!--b:FormGroup> <b:FormLabel>What is the main sport you play? </b:FormLabel> 
							<b:ListBox ui:field="listProfileSports"></b:ListBox> </b:FormGroup -->

						<b:Row addStyleNames="bottom_padding">
							<b:Column size="MD_7">
								<g:Label>What is the main sport you play? </g:Label>
							</b:Column>
							<b:Column size="MD_5">
								<b:ListBox ui:field="listProfileSports"></b:ListBox>
							</b:Column>
						</b:Row>

						<b:FormGroup>
							<g:HorizontalPanel>
								<b:Button ui:field="buttonProfileUpdateSave"
									addStyleNames="col-lg-offset-9 rightPadding">Update</b:Button>
								<b:Button ui:field="buttonProfileUpdateCancel">Cancel</b:Button>
							</g:HorizontalPanel>
						</b:FormGroup>

					</b:FieldSet>

				</b:Form>

			</b:PanelBody>
		</b:Panel>

	</g:HTMLPanel>
</ui:UiBinder> 